Time,Open,High,Low,Close
2026-07-10 06:00:00,4120.31,4120.93,4111.55,4114.82
2026-07-10 07:00:00,4114.86,4117.36,4107.96,4116.99
2026-07-10 08:00:00,4116.94,4119.57,4111.03,4111.35
2026-07-10 09:00:00,4111.2,4115.36,4103.66,4108.51
2026-07-10 10:00:00,4108.66,4109.47,4094.17,4097.82
2026-07-10 11:00:00,4097.87,4105.52,4093.93,4104.46
2026-07-10 12:00:00,4104.43,4112.78,4103.85,4104.1
2026-07-10 13:00:00,4104.03,4108.13,4095.95,4102.21
2026-07-10 14:00:00,4102.37,4117.53,4096.88,4100.86
2026-07-10 15:00:00,4101.29,4106.51,4085.13,4100.03
2026-07-10 16:00:00,4100.1,4108.21,4072.81,4092.53
2026-07-10 17:00:00,4093.17,4113.46,4090.75,4113.22
2026-07-10 18:00:00,4113.16,4115.6,4104.32,4104.63
2026-07-10 19:00:00,4104.45,4106.93,4099.78,4100.89
2026-07-10 20:00:00,4100.79,4105.09,4097.48,4101.22
2026-07-10 21:00:00,4101.24,4108.71,4097.36,4108.62
2026-07-10 22:00:00,4108.58,4121.12,4107.67,4119.83
2026-07-13 00:00:00,4095.44,4101.91,4069.83,4076.79
2026-07-13 01:00:00,4076.77,4084.98,4067.68,4084.53
2026-07-13 02:00:00,4084.55,4090.98,4060.89,4074.12
2026-07-13 03:00:00,4074.14,4089.44,4065.47,4072.04
2026-07-13 04:00:00,4072.73,4077.36,4064.47,4067.92
2026-07-13 05:00:00,4067.73,4068.75,4052.09,4060.36
2026-07-13 06:00:00,4060.39,4060.56,4049.63,4058.79
2026-07-13 07:00:00,4058.93,4072.31,4051.54,4053.64
2026-07-13 08:00:00,4053.62,4063.44,4043.0,4055.63
2026-07-13 09:00:00,4055.51,4065.22,4048.47,4064.03
2026-07-13 10:00:00,4064.77,4080.8,4062.58,4073.74
2026-07-13 11:00:00,4073.73,4076.32,4067.43,4067.43
2026-07-13 12:00:00,4067.46,4070.63,4046.53,4059.79
2026-07-13 13:00:00,4059.77,4068.15,4054.6,4056.4
2026-07-13 14:00:00,4056.86,4067.2,4053.47,4066.63
2026-07-13 15:00:00,4066.64,4067.47,4042.08,4043.2
2026-07-13 16:00:00,4043.19,4046.19,3999.65,4015.35
2026-07-13 17:00:00,4015.37,4020.3,4009.85,4015.29
2026-07-13 18:00:00,4015.32,4017.4,3986.56,3992.55
2026-07-13 19:00:00,3992.88,4001.65,3991.48,3993.28
2026-07-13 20:00:00,3993.43,4005.08,3986.51,4001.02
2026-07-13 21:00:00,4001.39,4004.69,3992.62,4001.43
2026-07-13 22:00:00,4001.51,4006.2,3996.49,4001.48
2026-07-14 00:00:00,4004.14,4005.92,4000.57,4000.76
2026-07-14 01:00:00,4000.75,4002.81,3992.62,4000.38
2026-07-14 02:00:00,4000.29,4007.31,3982.82,4003.83
2026-07-14 03:00:00,4003.77,4011.69,3991.52,4010.07
2026-07-14 04:00:00,4010.25,4019.11,4005.57,4012.29
2026-07-14 05:00:00,4012.4,4019.03,4010.44,4016.66
2026-07-14 06:00:00,4016.77,4023.27,4013.54,4020.35
2026-07-14 07:00:00,4020.5,4034.34,4018.94,4031.38
2026-07-14 08:00:00,4031.35,4033.27,4021.32,4023.22
2026-07-14 09:00:00,4023.59,4029.47,4019.67,4020.08
2026-07-14 10:00:00,4020.75,4023.96,4014.64,4015.43
2026-07-14 11:00:00,4015.51,4024.42,4013.23,4021.67
2026-07-14 12:00:00,4021.58,4022.19,4014.27,4020.87
2026-07-14 13:00:00,4021.04,4031.73,4014.85,4030.66
2026-07-14 14:00:00,4030.64,4099.64,4022.33,4075.69
2026-07-14 15:00:00,4075.63,4088.22,4070.45,4076.73
2026-07-14 16:00:00,4076.71,4089.71,4070.73,4084.61
2026-07-14 17:00:00,4084.56,4100.24,4064.02,4065.49
2026-07-14 18:00:00,4065.52,4066.78,4057.1,4061.04
2026-07-14 19:00:00,4061.08,4064.7,4053.98,4062.92
2026-07-14 20:00:00,4062.71,4062.82,4042.38,4053.64
2026-07-14 21:00:00,4053.85,4057.08,4047.55,4055.1
2026-07-14 22:00:00,4055.19,4056.07,4048.83,4051.76
2026-07-15 00:00:00,4052.64,4053.14,4047.48,4048.51
2026-07-15 01:00:00,4048.54,4056.09,4046.16,4052.87
2026-07-15 02:00:00,4053.3,4060.71,4050.72,4059.0
2026-07-15 03:00:00,4059.35,4061.85,4035.61,4037.29
2026-07-15 04:00:00,4037.27,4041.71,4029.33,4035.39
2026-07-15 05:00:00,4035.28,4040.39,4027.48,4030.59
2026-07-15 06:00:00,4030.52,4035.2,4027.61,4033.14
2026-07-15 07:00:00,4033.6,4036.72,4021.53,4034.85
2026-07-15 08:00:00,4035.19,4035.19,4020.7,4031.55
2026-07-15 09:00:00,4031.6,4034.44,4019.06,4024.13
2026-07-15 10:00:00,4024.2,4033.07,4016.62,4030.43
2026-07-15 11:00:00,4030.81,4033.75,4024.87,4029.81
2026-07-15 12:00:00,4029.67,4036.1,4025.88,4027.75
2026-07-15 13:00:00,4027.62,4039.58,4027.21,4037.77
2026-07-15 14:00:00,4037.89,4071.17,4035.6,4067.81
2026-07-15 15:00:00,4067.83,4074.03,4054.16,4060.71
2026-07-15 16:00:00,4060.91,4066.03,4052.59,4059.45
2026-07-15 17:00:00,4059.85,4062.06,4039.64,4046.97
2026-07-15 18:00:00,4046.96,4048.01,4026.22,4033.89
2026-07-15 19:00:00,4034.18,4066.39,4032.59,4061.54
2026-07-15 20:00:00,4061.86,4081.44,4057.49,4058.47
2026-07-15 21:00:00,4058.42,4062.84,4047.22,4056.6
2026-07-15 22:00:00,4056.57,4062.8,4054.63,4059.72
2026-07-16 00:00:00,4064.3,4064.64,4057.62,4059.6
2026-07-16 01:00:00,4059.49,4062.13,4054.82,4056.97
2026-07-16 02:00:00,4057.19,4061.24,4043.76,4044.51
2026-07-16 03:00:00,4044.57,4049.9,4033.11,4039.14
2026-07-16 04:00:00,4039.3,4040.02,4023.23,4030.73
2026-07-16 05:00:00,4030.68,4036.8,4027.26,4035.56
2026-07-16 06:00:00,4035.62,4037.98,4031.19,4032.84
2026-07-16 07:00:00,4032.6,4033.98,4024.33,4026.99
2026-07-16 08:00:00,4027.02,4036.1,4023.0,4030.54
2026-07-16 09:00:00,4030.66,4031.3,4022.93,4030.14
2026-07-16 10:00:00,4030.0,4036.34,4024.52,4034.79
2026-07-16 11:00:00,4034.65,4037.64,4030.52,4031.77
2026-07-16 12:00:00,4031.78,4034.61,4027.89,4028.69
2026-07-16 13:00:00,4029.06,4042.43,4020.84,4037.82
2026-07-16 14:00:00,4037.92,4043.07,3990.41,3992.09
2026-07-16 15:00:00,3991.78,4008.47,3973.68,3989.98
2026-07-16 16:00:00,3989.58,4006.2,3986.42,3997.65
2026-07-16 17:00:00,3997.81,4016.11,3988.93,4006.97
2026-07-16 18:00:00,4007.27,4007.69,3981.76,3991.76
2026-07-16 19:00:00,3991.95,3992.38,3979.53,3984.67
2026-07-16 20:00:00,3984.73,3990.57,3975.9,3980.43
2026-07-16 21:00:00,3980.6,3986.03,3969.04,3979.99
2026-07-16 22:00:00,3979.91,3980.04,3971.51,3976.0
2026-07-17 00:00:00,3978.2,3980.05,3972.47,3978.28
2026-07-17 01:00:00,3978.19,3986.19,3974.68,3985.55
2026-07-17 02:00:00,3985.58,3991.95,3980.1,3991.82
2026-07-17 03:00:00,3991.96,3996.05,3979.11,3983.06
2026-07-17 04:00:00,3983.27,3987.23,3970.72,3979.08
2026-07-17 05:00:00,3978.8,4008.79,3977.9,3991.1
2026-07-17 06:00:00,3990.99,3991.48,3979.52,3981.87
2026-07-17 07:00:00,3981.8,3991.4,3974.75,3984.82
2026-07-17 08:00:00,3984.98,4006.6,3984.82,3999.11
2026-07-17 09:00:00,3998.99,4002.65,3992.28,3992.6
2026-07-17 10:00:00,3992.84,3999.92,3987.14,3994.22
2026-07-17 11:00:00,3994.19,4002.34,3992.42,3997.47
2026-07-17 12:00:00,3997.66,3998.72,3989.92,3990.93
2026-07-17 13:00:00,3991.43,3998.38,3990.02,3994.06
2026-07-17 14:00:00,3994.15,3995.3,3963.55,3966.15
2026-07-17 15:00:00,3966.33,4003.71,3958.52,3996.01
2026-07-17 16:00:00,3995.87,4003.75,3989.13,4000.62
2026-07-17 17:00:00,4000.54,4020.95,3996.93,4018.43
2026-07-17 18:00:00,4018.55,4023.81,4010.13,4014.6
2026-07-17 19:00:00,4014.66,4018.55,4007.73,4009.27
2026-07-17 20:00:00,4009.25,4016.18,4005.78,4010.72
2026-07-17 21:00:00,4010.85,4016.25,4001.86,4015.14
2026-07-17 22:00:00,4015.32,4018.6,4008.09,4015.26
2026-07-20 01:00:00,3991.66,3996.26,3988.71,3995.54
2026-07-20 02:00:00,3996.05,4010.11,3982.1,4008.65
2026-07-20 03:00:00,4008.82,4020.38,3995.03,4001.83
2026-07-20 04:00:00,4001.91,4028.43,4000.91,4021.51
2026-07-20 05:00:00,4021.42,4028.01,4017.88,4024.2
2026-07-20 06:00:00,4024.3,4026.87,4017.77,4018.81
2026-07-20 07:00:00,4018.96,4020.85,4004.81,4007.98
2026-07-20 08:00:00,4007.93,4011.84,4002.32,4003.48
2026-07-20 09:00:00,4003.73,4021.8,4001.72,4016.65
2026-07-20 10:00:00,4016.61,4030.54,4016.61,4018.13
2026-07-20 11:00:00,4018.0,4023.28,4014.81,4021.17
2026-07-20 12:00:00,4021.39,4025.67,4017.49,4023.81
2026-07-20 13:00:00,4023.85,4040.39,4019.08,4025.12
2026-07-20 14:00:00,4024.88,4024.91,4006.32,4008.18
2026-07-20 15:00:00,4008.29,4017.57,4005.16,4005.16
2026-07-20 16:00:00,4005.21,4013.16,3998.03,4005.98
2026-07-20 17:00:00,4006.13,4019.68,4003.71,4011.18
2026-07-20 18:00:00,4011.25,4018.39,4001.2,4009.92
2026-07-20 19:00:00,4009.98,4012.99,4003.06,4004.88
2026-07-20 20:00:00,4004.96,4011.58,4003.3,4006.84
2026-07-20 21:00:00,4006.91,4017.48,4003.52,4007.08
2026-07-20 22:00:00,4007.13,4009.44,4005.18,4008.14
2026-07-21 00:00:00,4009.49,4010.31,3999.64,4000.25
2026-07-21 01:00:00,4000.49,4010.26,4000.15,4009.73
2026-07-21 02:00:00,4009.79,4026.76,4003.2,4024.64
2026-07-21 03:00:00,4024.74,4035.88,4018.01,4022.44
2026-07-21 04:00:00,4022.51,4045.1,4020.73,4037.84
2026-07-21 05:00:00,4037.66,4051.34,4035.99,4046.29
2026-07-21 06:00:00,4046.49,4050.97,4042.94,4048.76
2026-07-21 07:00:00,4048.81,4067.71,4045.45,4060.6
2026-07-21 08:00:00,4060.9,4083.47,4060.85,4077.62
2026-07-21 09:00:00,4077.84,4080.2,4066.89,4071.33
2026-07-21 10:00:00,4071.34,4072.47,4058.42,4062.91
2026-07-21 11:00:00,4063.07,4069.78,4060.29,4065.3
2026-07-21 12:00:00,4065.27,4070.1,4060.21,4062.96
2026-07-21 13:00:00,4062.94,4063.81,4053.67,4055.91
2026-07-21 14:00:00,4056.03,4065.88,4051.12,4053.85
2026-07-21 15:00:00,4054.19,4061.49,4043.59,4052.57
2026-07-21 16:00:00,4052.56,4073.54,4051.46,4068.03
2026-07-21 17:00:00,4068.0,4082.92,4064.77,4074.37
2026-07-21 18:00:00,4074.22,4078.83,4069.14,4071.36
2026-07-21 19:00:00,4071.56,4072.92,4066.15,4068.85
2026-07-21 20:00:00,4068.66,4086.63,4067.17,4081.72
2026-07-21 21:00:00,4082.14,4085.62,4079.88,4083.87
2026-07-21 22:00:00,4084.04,4086.07,4076.23,4077.39
2026-07-22 00:00:00,4078.93,4084.81,4076.25,4080.41
2026-07-22 01:00:00,4080.4,4082.95,4078.95,4080.47
2026-07-22 02:00:00,4080.76,4102.59,4076.44,4096.75
2026-07-22 03:00:00,4097.26,4123.51,4096.19,4121.26
2026-07-22 04:00:00,4121.5,4130.32,4118.18,4130.02
2026-07-22 05:00:00,4130.01,4141.07,4128.65,4130.48
2026-07-22 06:00:00,4130.49,4131.38,4124.13,4126.43
2026-07-22 07:00:00,4126.39,4133.33,4122.42,4130.84
2026-07-22 08:00:00,4131.05,4135.33,4112.77,4116.49
2026-07-22 09:00:00,4117.16,4122.23,4108.78,4110.19
2026-07-22 10:00:00,4110.82,4119.75,4109.94,4117.81
2026-07-22 11:00:00,4118.05,4122.17,4113.1,4114.69
2026-07-22 12:00:00,4114.96,4121.98,4114.59,4117.0
2026-07-22 13:00:00,4116.92,4123.0,4111.93,4122.3
2026-07-22 14:00:00,4122.55,4133.85,4105.49,4112.53
2026-07-22 15:00:00,4112.92,4155.53,4112.39,4154.72
2026-07-22 16:00:00,4154.85,4163.37,4143.47,4147.8
2026-07-22 17:00:00,4148.15,4165.96,4147.94,4159.27
2026-07-22 18:00:00,4159.42,4159.48,4143.86,4146.24
2026-07-22 19:00:00,4146.66,4147.56,4138.22,4142.34
2026-07-22 20:00:00,4142.48,4142.66,4131.33,4136.04
2026-07-22 21:00:00,4135.95,4137.37,4128.45,4131.07
2026-07-22 22:00:00,4131.2,4137.86,4127.88,4130.08
2026-07-23 00:00:00,4119.76,4128.93,4115.88,4120.88
2026-07-23 01:00:00,4121.02,4134.03,4116.04,4133.16
2026-07-23 02:00:00,4133.66,4134.45,4124.48,4132.13
2026-07-23 03:00:00,4131.91,4140.86,4113.74,4117.69
2026-07-23 04:00:00,4117.95,4128.36,4111.27,4128.22
2026-07-23 05:00:00,4128.34,4132.7,4123.02,4124.78
2026-07-23 06:00:00,4124.71,4129.65,4120.06,4121.0
2026-07-23 07:00:00,4120.91,4130.72,4119.26,4123.28
2026-07-23 08:00:00,4123.3,4128.35,4116.35,4118.62
2026-07-23 09:00:00,4118.87,4118.92,4089.57,4095.56
2026-07-23 10:00:00,4096.29,4097.77,4086.19,4092.63
2026-07-23 11:00:00,4092.48,4099.14,4087.75,4090.01
2026-07-23 12:00:00,4089.81,4094.59,4086.12,4092.42
2026-07-23 13:00:00,4092.64,4093.38,4072.51,4085.15
2026-07-23 14:00:00,4085.21,4085.82,4061.05,4061.89
2026-07-23 15:00:00,4061.99,4067.44,4039.82,4042.42
2026-07-23 16:00:00,4042.9,4061.8,4039.32,4057.73
2026-07-23 17:00:00,4058.29,4059.36,4041.55,4048.77
2026-07-23 18:00:00,4049.39,4051.91,4045.6,4051.46
2026-07-23 19:00:00,4051.65,4054.79,4041.03,4041.93
2026-07-23 20:00:00,4041.94,4048.49,4039.93,4046.07
2026-07-23 21:00:00,4046.18,4051.4,4042.31,4049.81
2026-07-23 22:00:00,4049.96,4051.14,4046.78,4049.29
2026-07-24 00:00:00,4049.05,4050.36,4047.82,4049.6
2026-07-24 01:00:00,4049.55,4050.89,4046.36,4046.85
2026-07-24 02:00:00,4047.08,4051.06,4040.82,4049.89
2026-07-24 03:00:00,4049.99,4050.32,4039.25,4043.75
2026-07-24 04:00:00,4043.78,4048.62,4022.45,4023.86
2026-07-24 05:00:00,4024.24,4033.54,4022.44,4029.36
2026-07-24 06:00:00,4029.27,4030.46,4025.4,4027.15
2026-07-24 07:00:00,4027.28,4032.34,4021.21,4022.67
2026-07-24 08:00:00,4022.72,4038.91,4022.72,4035.3
2026-07-24 09:00:00,4035.4,4053.69,4034.34,4048.48
2026-07-24 10:00:00,4048.37,4058.78,4044.64,4057.65
2026-07-24 11:00:00,4057.78,4060.87,4051.04,4059.96
2026-07-24 12:00:00,4060.0,4063.97,4056.65,4059.91
2026-07-24 13:00:00,4060.04,4062.94,4051.14,4057.3
2026-07-24 14:00:00,4058.09,4060.15,4051.13,4055.36
2026-07-24 15:00:00,4055.66,4068.72,4043.95,4067.38
2026-07-24 16:00:00,4067.28,4070.08,4055.66,4063.25
2026-07-24 17:00:00,4063.36,4082.09,4061.49,4076.79
2026-07-24 18:00:00,4076.76,4078.31,4063.58,4067.13
2026-07-24 19:00:00,4067.38,4070.04,4062.42,4062.68
2026-07-24 20:00:00,4062.8,4064.61,4050.3,4054.48
2026-07-24 21:00:00,4054.63,4057.96,4048.57,4053.64
2026-07-24 22:00:00,4053.15,4056.02,4048.68,4051.17
2026-07-27 00:00:00,4092.43,4093.8,4082.99,4089.38
2026-07-27 01:00:00,4089.74,4096.35,4082.96,4093.91
2026-07-27 02:00:00,4094.31,4116.24,4089.86,4100.34
2026-07-27 03:00:00,4101.01,4112.7,4096.14,4110.17
2026-07-27 04:00:00,4110.59,4111.07,4093.41,4093.46
2026-07-27 05:00:00,4093.02,4096.04,4084.67,4090.86
2026-07-27 06:00:00,4091.23,4093.07,4086.77,4090.14
2026-07-27 07:00:00,4090.15,4094.76,4084.04,4092.75
2026-07-27 08:00:00,4092.71,4099.25,4090.79,4095.87
2026-07-27 09:00:00,4095.77,4105.51,4088.61,4088.74
2026-07-27 10:00:00,4088.42,4096.66,4086.59,4094.83
2026-07-27 11:00:00,4094.74,4100.18,4089.96,4096.28
2026-07-27 12:00:00,4096.18,4102.0,4085.87,4099.0
2026-07-27 13:00:00,4099.05,4104.08,4093.42,4094.03
2026-07-27 14:00:00,4093.63,4097.55,4081.39,4083.76
2026-07-27 15:00:00,4083.93,4089.49,4070.64,4074.23
2026-07-27 16:00:00,4074.47,4078.82,4065.41,4075.6
2026-07-27 17:00:00,4075.91,4079.56,4071.72,4078.44
2026-07-27 18:00:00,4078.61,4094.0,4077.37,4082.39
2026-07-27 19:00:00,4082.5,4082.5,4069.78,4075.78
2026-07-27 20:00:00,4075.91,4079.46,4072.59,4077.65
2026-07-27 21:00:00,4077.76,4089.31,4076.16,4083.42
2026-07-27 22:00:00,4083.55,4083.84,4075.29,4076.46
2026-07-28 00:00:00,4081.37,4081.76,4070.16,4074.27
2026-07-28 01:00:00,4074.06,4075.05,4069.0,4072.92
2026-07-28 02:00:00,4072.8,4073.98,4057.05,4057.15
2026-07-28 03:00:00,4057.07,4060.05,4041.95,4044.94
2026-07-28 04:00:00,4045.25,4049.08,4040.46,4042.1
2026-07-28 05:00:00,4042.16,4050.93,4039.54,4049.08
2026-07-28 06:00:00,4048.86,4049.82,4041.16,4042.35
2026-07-28 07:00:00,4041.94,4046.44,4034.37,4045.28
2026-07-28 08:00:00,4045.49,4052.06,4042.42,4047.88
2026-07-28 09:00:00,4047.86,4052.42,4045.58,4046.99
2026-07-28 10:00:00,4046.5,4055.29,4041.12,4044.92
2026-07-28 11:00:00,4045.4,4045.79,4019.01,4023.18
2026-07-28 12:00:00,4022.93,4028.49,4016.34,4026.4
2026-07-28 13:00:00,4026.51,4032.37,4022.19,4027.96
2026-07-28 14:00:00,4028.46,4038.0,4022.45,4029.54
2026-07-28 15:00:00,4029.52,4035.82,4019.63,4021.65
2026-07-28 16:00:00,4021.77,4032.86,4011.43,4024.17
2026-07-28 17:00:00,4024.68,4046.98,4021.58,4045.39
2026-07-28 18:00:00,4045.61,4046.51,4036.04,4037.61
2026-07-28 19:00:00,4037.76,4041.48,4025.29,4027.64
2026-07-28 20:00:00,4027.92,4030.11,4020.87,4023.05
2026-07-28 21:00:00,4023.1,4027.82,4021.25,4025.57
2026-07-28 22:00:00,4025.91,4030.05,4022.01,4027.73
2026-07-29 00:00:00,4027.11,4028.04,4013.26,4018.26
2026-07-29 01:00:00,4018.28,4026.21,4014.32,4024.54
2026-07-29 02:00:00,4024.66,4029.69,4017.11,4021.23
2026-07-29 03:00:00,4021.13,4030.48,4009.53,4025.12
2026-07-29 04:00:00,4024.58,4037.84,4022.57,4029.02
2026-07-29 05:00:00,4028.62,4032.87,4022.37,4022.72
2026-07-29 06:00:00,4022.73,4027.18,4019.96,4026.66
2026-07-29 07:00:00,4026.95,4040.12,4026.31,4032.62
2026-07-29 08:00:00,4032.61,4044.81,4032.61,4040.77
2026-07-29 09:00:00,4040.9,4047.85,4040.49,4043.45
2026-07-29 10:00:00,4043.43,4044.25,4034.63,4037.71
2026-07-29 11:00:00,4038.22,4038.53,4030.72,4032.16
2026-07-29 12:00:00,4032.05,4034.6,4025.33,4027.53
2026-07-29 13:00:00,4027.5,4035.91,4024.38,4032.32
2026-07-29 14:00:00,4032.35,4033.02,4008.44,4021.87
2026-07-29 15:00:00,4022.08,4026.5,4002.59,4007.21
2026-07-29 16:00:00,4007.22,4010.01,3995.38,4004.93
2026-07-29 17:00:00,4005.2,4013.8,4002.75,4009.83
2026-07-29 18:00:00,4010.11,4032.85,4006.89,4026.76
2026-07-29 19:00:00,4026.83,4050.73,4026.68,4042.74
2026-07-29 20:00:00,4043.59,4109.68,4042.04,4106.03
2026-07-29 21:00:00,4106.56,4116.15,4044.09,4044.65
2026-07-29 22:00:00,4045.27,4070.13,4042.35,4066.75
2026-07-30 00:00:00,4071.45,4090.6,4063.42,4088.56
2026-07-30 01:00:00,4087.79,4099.78,4083.66,4083.76
2026-07-30 02:00:00,4083.9,4086.37,4064.3,4072.27
2026-07-30 03:00:00,4072.26,4092.79,4070.8,4083.9
2026-07-30 04:00:00,4083.96,4090.07,4062.63,4063.04
2026-07-30 05:00:00,4063.01,4069.83,4050.12,4058.62
2026-07-30 06:00:00,4058.69,4060.2,4043.72,4045.57
2026-07-30 07:00:00,4045.62,4051.38,4027.89,4032.85
2026-07-30 08:00:00,4032.84,4040.26,4029.48,4036.4
2026-07-30 09:00:00,4036.03,4051.51,4034.69,4038.62
2026-07-30 10:00:00,4038.57,4072.83,4036.17,4060.73
2026-07-30 11:00:00,4061.23,4073.05,4059.98,4062.74
2026-07-30 12:00:00,4063.52,4083.04,4062.47,4077.47
2026-07-30 13:00:00,4077.22,4082.66,4075.26,4076.88
2026-07-30 14:00:00,4076.76,4086.71,4067.09,4068.54
2026-07-30 15:00:00,4068.29,4112.45,4064.49,4112.45
2026-07-30 16:00:00,4111.3,4120.48,4086.17,4100.09
2026-07-30 17:00:00,4099.9,4110.14,4082.25,4107.56
2026-07-30 18:00:00,4107.34,4119.33,4106.01,4110.73
2026-07-30 19:00:00,4110.78,4111.28,4097.57,4102.24
2026-07-30 20:00:00,4102.36,4107.26,4098.37,4099.72
2026-07-30 21:00:00,4099.45,4114.87,4098.06,4111.73
2026-07-30 22:00:00,4111.7,4117.54,4098.47,4103.3
2026-07-31 00:00:00,4105.12,4111.35,4101.98,4108.51
2026-07-31 01:00:00,4108.47,4111.91,4101.39,4105.5
2026-07-31 02:00:00,4105.66,4106.66,4090.26,4094.33
2026-07-31 03:00:00,4094.48,4101.55,4081.47,4084.11
2026-07-31 04:00:00,4084.14,4089.63,4073.21,4075.79
2026-07-31 05:00:00,4075.57,4079.39,4071.66,4074.48
2026-07-31 06:00:00,4074.47,4081.38,4073.43,4080.13
2026-07-31 07:00:00,4080.23,4083.22,4072.78,4073.55
2026-07-31 08:00:00,4073.87,4087.12,4072.03,4077.47
2026-07-31 09:00:00,4077.56,4079.29,4067.57,4067.62
2026-07-31 10:00:00,4067.57,4067.84,4053.79,4061.05
2026-07-31 11:00:00,4061.03,4064.0,4049.69,4054.19
2026-07-31 12:00:00,4054.04,4058.44,4051.47,4053.93
2026-07-31 13:00:00,4053.99,4061.14,4050.47,4053.73
2026-07-31 14:00:00,4053.92,4059.5,4040.39,4040.71
2026-07-31 15:00:00,4040.54,4046.72,4021.78,4024.67
2026-07-31 16:00:00,4023.82,4050.23,4020.57,4048.62
2026-07-31 17:00:00,4048.73,4052.35,4036.18,4045.53
2026-07-31 18:00:00,4045.62,4049.72,4040.56,4042.76
2026-07-31 19:00:00,4042.73,4054.82,4040.92,4053.6
2026-07-31 20:00:00,4053.74,4055.1,4046.82,4050.57
2026-07-31 21:00:00,4050.56,4055.08,4046.5,4051.0
2026-07-31 22:00:00,4050.89,4052.91,4034.32,4039.83
2026-08-03 00:00:00,4073.9,4079.88,4063.35,4063.64
2026-08-03 01:00:00,4063.78,4075.16,4062.7,4075.05
2026-08-03 02:00:00,4075.14,4079.31,4055.02,4056.78
2026-08-03 03:00:00,4056.93,4063.13,4046.58,4055.99
2026-08-03 04:00:00,4056.1,4066.87,4051.47,4061.49
2026-08-03 05:00:00,4061.35,4068.03,4058.39,4065.15
2026-08-03 06:00:00,4065.12,4071.63,4063.64,4063.96
2026-08-03 07:00:00,4063.89,4069.72,4053.63,4068.21
2026-08-03 08:00:00,4068.34,4071.99,4059.83,4063.88
2026-08-03 09:00:00,4063.17,4065.36,4052.21,4060.71
2026-08-03 10:00:00,4060.74,4061.93,4054.07,4059.27
2026-08-03 11:00:00,4059.18,4062.22,4045.98,4054.95
2026-08-03 12:00:00,4055.07,4056.8,4045.69,4049.42
2026-08-03 13:00:00,4049.29,4062.65,4045.56,4062.07
2026-08-03 14:00:00,4062.01,4064.64,4041.55,4047.61
2026-08-03 15:00:00,4047.64,4053.46,4018.92,4031.07
2026-08-03 16:00:00,4027.24,4038.67,4025.93,4035.77
2026-08-03 17:00:00,4035.89,4040.94,4029.84,4036.11
2026-08-03 18:00:00,4036.23,4039.16,4033.75,4036.77
2026-08-03 19:00:00,4037.06,4037.96,4029.53,4029.82
2026-08-03 20:00:00,4029.85,4045.08,4029.26,4043.28
2026-08-03 21:00:00,4043.35,4055.83,4043.35,4051.71
2026-08-03 22:00:00,4051.86,4058.01,4049.6,4054.85
2026-08-04 00:00:00,4053.75,4053.75,4048.27,4052.95
2026-08-04 01:00:00,4052.84,4055.16,4050.12,4053.14
2026-08-04 02:00:00,4052.73,4069.07,4048.8,4049.27
2026-08-04 03:00:00,4048.87,4061.44,4041.85,4058.78
2026-08-04 04:00:00,4059.05,4065.17,4055.1,4058.28
2026-08-04 05:00:00,4058.0,4061.68,4051.54,4052.2
2026-08-04 06:00:00,4052.19,4065.83,4050.82,4063.42
2026-08-04 07:00:00,4063.95,4067.64,4057.06,4061.13
2026-08-04 08:00:00,4061.14,4066.01,4055.13,4063.27
2026-08-04 09:00:00,4063.38,4066.73,4060.29,4064.87
2026-08-04 10:00:00,4064.88,4072.53,4054.14,4055.17
2026-08-04 11:00:00,4054.96,4055.21,4045.84,4049.78
2026-08-04 12:00:00,4049.86,4060.65,4045.33,4053.47
2026-08-04 13:00:00,4053.4,4084.01,4051.77,4074.82
2026-08-04 14:00:00,4074.88,4084.05,4060.67,4070.83
2026-08-04 15:00:00,4070.87,4093.57,4061.36,4084.51
2026-08-04 16:00:00,4083.9,4091.58,4073.91,4083.24
2026-08-04 17:00:00,4083.5,4088.37,4074.41,4087.24
2026-08-04 18:00:00,4087.51,4093.62,4082.46,4092.57
2026-08-04 19:00:00,4092.31,4106.2,4085.22,4085.45
2026-08-04 20:00:00,4085.23,4088.75,4074.52,4079.41
2026-08-04 21:00:00,4079.49,4084.81,4075.67,4077.93
2026-08-04 22:00:00,4077.99,4080.36,4074.05,4077.78
2026-08-05 00:00:00,4078.75,4086.05,4074.93,4075.16
2026-08-05 01:00:00,4075.11,4076.47,4064.52,4071.78
2026-08-05 02:00:00,4072.0,4083.52,4069.73,4081.75
2026-08-05 03:00:00,4081.93,4102.2,4077.04,4100.63
2026-08-05 04:00:00,4100.62,4135.24,4095.22,4128.38
2026-08-05 05:00:00,4128.43,4136.14,4126.2,4128.2
2026-08-05 06:00:00,4128.29,4141.21,4128.17,4135.3
2026-08-05 07:00:00,4135.6,4173.02,4133.75,4160.99
2026-08-05 08:00:00,4160.88,4178.17,4159.7,4176.9
2026-08-05 09:00:00,4176.95,4179.54,4161.74,4170.31
2026-08-05 10:00:00,4170.22,4172.61,4158.3,4159.78
2026-08-05 11:00:00,4160.0,4167.27,4152.51,4158.02
2026-08-05 12:00:00,4157.79,4161.27,4150.0,4160.6
2026-08-05 13:00:00,4161.3,4192.72,4160.4,4188.88
2026-08-05 14:00:00,4188.19,4213.18,4182.82,4183.75
2026-08-05 15:00:00,4183.47,4206.57,4183.41,4204.99
2026-08-05 16:00:00,4203.47,4247.42,4203.1,4243.92
2026-08-05 17:00:00,4243.93,4265.03,4232.17,4232.53
2026-08-05 18:00:00,4232.46,4247.21,4224.26,4241.68
2026-08-05 19:00:00,4241.54,4251.81,4236.08,4249.78
2026-08-05 20:00:00,4249.36,4267.7,4248.92,4260.84
2026-08-05 21:00:00,4260.73,4262.02,4245.93,4246.49
2026-08-05 22:00:00,4246.5,4249.51,4242.24,4247.66
2026-08-06 00:00:00,4249.88,4253.71,4244.91,4249.66
2026-08-06 01:00:00,4249.55,4281.87,4249.08,4278.11
2026-08-06 02:00:00,4278.07,4300.29,4263.78,4294.28
2026-08-06 03:00:00,4294.17,4302.94,4272.52,4286.0
2026-08-06 04:00:00,4285.61,4304.05,4274.47,4278.37
2026-08-06 05:00:00,4278.35,4280.95,4260.04,4265.11
2026-08-06 06:00:00,4264.99,4267.31,4252.67,4261.46
2026-08-06 07:00:00,4261.47,4268.53,4247.13,4266.73
2026-08-06 08:00:00,4267.22,4268.52,4248.49,4255.81
2026-08-06 09:00:00,4256.0,4265.21,4252.26,4262.55
2026-08-06 10:00:00,4262.74,4278.29,4259.72,4277.57
2026-08-06 11:00:00,4277.67,4284.37,4270.73,4272.43
2026-08-06 12:00:00,4272.46,4273.61,4264.37,4270.89
2026-08-06 13:00:00,4271.19,4273.45,4254.31,4262.63
2026-08-06 14:00:00,4262.99,4270.85,4248.89,4250.0
2026-08-06 15:00:00,4249.94,4274.07,4230.09,4267.21
2026-08-06 16:00:00,4267.11,4275.36,4259.86,4272.43
2026-08-06 17:00:00,4272.58,4273.73,4228.97,4233.67
2026-08-06 18:00:00,4233.26,4243.21,4222.63,4241.5
2026-08-06 19:00:00,4241.6,4248.08,4237.74,4247.19
2026-08-06 20:00:00,4247.18,4249.34,4240.13,4243.58
2026-08-06 21:00:00,4243.6,4251.34,4232.48,4248.65
2026-08-06 22:00:00,4248.47,4249.39,4234.69,4240.12
2026-08-07 00:00:00,4240.21,4243.31,4234.99,4240.76
2026-08-07 01:00:00,4240.39,4253.26,4240.34,4252.3
2026-08-07 02:00:00,4252.33,4252.61,4229.32,4231.99
2026-08-07 03:00:00,4232.35,4259.22,4230.79,4256.86
2026-08-07 04:00:00,4256.69,4261.73,4246.61,4250.44
2026-08-07 05:00:00,4250.3,4266.28,4249.42,4266.11
2026-08-07 06:00:00,4266.07,4269.19,4260.37,4264.21
2026-08-07 07:00:00,4264.09,4280.76,4261.21,4278.02
2026-08-07 08:00:00,4278.25,4298.33,4277.86,4296.33
2026-08-07 09:00:00,4296.41,4297.35,4282.99,4290.06
2026-08-07 10:00:00,4290.19,4316.9,4289.01,4305.61
2026-08-07 11:00:00,4305.58,4321.01,4301.63,4316.11
2026-08-07 12:00:00,4316.05,4320.56,4307.74,4316.56
2026-08-07 13:00:00,4316.51,4327.74,4316.26,4320.97
2026-08-07 14:00:00,4320.75,4371.62,4300.3,4360.66
2026-08-07 15:00:00,4360.76,4367.41,4338.68,4347.36
2026-08-07 16:00:00,4348.36,4352.25,4326.87,4341.59
2026-08-07 17:00:00,4341.6,4357.89,4339.03,4340.42
2026-08-07 18:00:00,4340.56,4349.77,4328.38,4328.38
2026-08-07 19:00:00,4328.39,4342.84,4327.08,4340.11
2026-08-07 20:00:00,4340.03,4343.12,4331.63,4334.89
2026-08-07 21:00:00,4334.72,4350.24,4334.72,4343.19
2026-08-07 22:00:00,4342.63,4344.69,4335.32,4338.11
2026-08-10 00:00:00,4345.42,4349.73,4331.63,4341.02
2026-08-10 01:00:00,4341.05,4349.12,4331.96,4332.57
2026-08-10 02:00:00,4332.5,4347.05,4329.97,4332.31
2026-08-10 03:00:00,4332.22,4340.97,4312.71,4322.5
2026-08-10 04:00:00,4322.64,4332.47,4318.3,4319.71
2026-08-10 05:00:00,4319.64,4329.95,4316.97,4326.23
2026-08-10 06:00:00,4326.25,4339.56,4322.53,4339.53
2026-08-10 07:00:00,4339.38,4351.51,4331.36,4347.09
2026-08-10 08:00:00,4347.16,4359.85,4341.39,4357.37
2026-08-10 09:00:00,4357.65,4361.97,4349.89,4355.4
2026-08-10 10:00:00,4355.33,4356.34,4343.92,4345.92
2026-08-10 11:00:00,4346.04,4350.06,4340.26,4340.96
2026-08-10 12:00:00,4340.89,4344.24,4334.77,4335.67
2026-08-10 13:00:00,4335.8,4339.24,4328.37,4335.06
2026-08-10 14:00:00,4334.9,4337.57,4323.62,4332.66
2026-08-10 15:00:00,4332.27,4339.91,4316.63,4318.02
2026-08-10 16:00:00,4318.12,4351.68,4317.92,4345.35
2026-08-10 17:00:00,4345.56,4358.76,4342.71,4357.73
2026-08-10 18:00:00,4357.89,4364.71,4350.27,4356.85
2026-08-10 19:00:00,4357.43,4365.09,4351.65,4360.11
2026-08-10 20:00:00,4360.17,4382.89,4359.66,4378.72
2026-08-10 21:00:00,4378.92,4395.18,4378.75,4387.76
2026-08-10 22:00:00,4387.9,4392.12,4385.85,4388.23
2026-08-11 00:00:00,4388.82,4400.79,4387.48,4399.5
2026-08-11 01:00:00,4398.8,4402.79,4394.06,4402.4
2026-08-11 02:00:00,4402.61,4418.81,4396.23,4409.53
2026-08-11 03:00:00,4409.54,4434.07,4393.83,4429.75
2026-08-11 04:00:00,4429.65,4435.28,4407.57,4410.79
2026-08-11 05:00:00,4410.91,4420.98,4409.37,4416.85
2026-08-11 06:00:00,4417.0,4419.74,4403.2,4408.13
2026-08-11 07:00:00,4408.08,4408.9,4367.53,4375.14
2026-08-11 08:00:00,4375.21,4382.44,4359.24,4366.46
2026-08-11 09:00:00,4366.34,4367.75,4356.19,4357.39
2026-08-11 10:00:00,4357.72,4376.67,4356.74,4369.23
2026-08-11 11:00:00,4369.21,4375.59,4367.47,4371.82
2026-08-11 12:00:00,4371.93,4382.3,4370.75,4382.06
2026-08-11 13:00:00,4381.8,4392.96,4380.52,4387.62
2026-08-11 14:00:00,4387.34,4399.77,4383.27,4392.51
2026-08-11 15:00:00,4392.69,4404.18,4383.84,4388.45
2026-08-11 16:00:00,4388.38,4398.04,4381.03,4393.52
2026-08-11 17:00:00,4393.65,4398.31,4368.73,4383.21
2026-08-11 18:00:00,4383.72,4385.45,4377.95,4382.93
2026-08-11 19:00:00,4383.03,4385.72,4368.26,4369.15
2026-08-11 20:00:00,4368.99,4372.67,4360.32,4370.94
2026-08-11 21:00:00,4371.06,4374.1,4360.79,4370.87
2026-08-11 22:00:00,4371.1,4371.17,4366.47,4369.34
2026-08-12 00:00:00,4371.42,4378.27,4367.25,4369.12
2026-08-12 01:00:00,4369.72,4374.26,4362.12,4370.72
2026-08-12 02:00:00,4370.74,4383.68,4366.13,4380.35
2026-08-12 03:00:00,4380.77,4397.15,4378.38,4396.46
2026-08-12 04:00:00,4396.66,4414.38,4393.58,4411.38
2026-08-12 05:00:00,4411.61,4415.17,4400.15,4401.53
2026-08-12 06:00:00,4401.54,4403.32,4394.78,4401.01
2026-08-12 07:00:00,4400.97,4404.8,4383.58,4390.36
2026-08-12 08:00:00,4390.27,4406.11,4384.35,4402.76
2026-08-12 09:00:00,4403.37,4410.11,4398.25,4405.52
2026-08-12 10:00:00,4405.59,4410.24,4400.97,4401.24
2026-08-12 11:00:00,4401.33,4424.12,4401.24,4415.9
2026-08-12 12:00:00,4416.09,4420.82,4406.64,4412.43
2026-08-12 13:00:00,4412.52,4416.53,4407.31,4412.94
2026-08-12 14:00:00,4412.85,4437.96,4381.74,4437.37
2026-08-12 15:00:00,4437.93,4441.34,4408.06,4427.17
2026-08-12 16:00:00,4428.0,4439.8,4415.93,4422.13
2026-08-12 17:00:00,4422.07,4429.87,4410.85,4420.34
2026-08-12 18:00:00,4420.45,4426.04,4396.46,4401.29
2026-08-12 19:00:00,4402.03,4411.34,4398.43,4398.95
2026-08-12 20:00:00,4398.83,4418.01,4396.25,4412.33
2026-08-12 21:00:00,4412.44,4418.23,4407.93,4413.95
2026-08-12 22:00:00,4413.87,4414.29,4406.13,4407.98
2026-08-13 00:00:00,4409.15,4410.01,4398.32,4401.65
2026-08-13 01:00:00,4401.06,4414.24,4401.06,4413.84
2026-08-13 02:00:00,4414.04,4449.45,4412.71,4427.24
2026-08-13 03:00:00,4428.01,4434.99,4405.4,4408.5
2026-08-13 04:00:00,4408.49,4414.26,4398.83,4406.37
2026-08-13 05:00:00,4406.5,4412.23,4398.75,4400.36
2026-08-13 06:00:00,4400.39,4400.39,4390.94,4397.88
2026-08-13 07:00:00,4397.92,4407.16,4379.87,4383.1
2026-08-13 08:00:00,4382.84,4385.64,4368.73,4381.0
2026-08-13 09:00:00,4380.72,4381.77,4368.48,4370.02
2026-08-13 10:00:00,4369.64,4379.19,4363.8,4375.84
2026-08-13 11:00:00,4375.8,4384.99,4372.59,4384.43
2026-08-13 12:00:00,4384.63,4393.78,4381.22,4392.2
2026-08-13 13:00:00,4392.11,4396.59,4382.67,4387.75
2026-08-13 14:00:00,4387.58,4401.55,4380.75,4401.16
2026-08-13 15:00:00,4401.57,4401.62,4370.7,4372.9
2026-08-13 16:00:00,4372.99,4387.14,4357.51,4383.27
2026-08-13 17:00:00,4383.47,4385.64,4356.84,4365.12
2026-08-13 18:00:00,4365.24,4368.47,4350.38,4367.1
2026-08-13 19:00:00,4367.36,4373.35,4354.88,4355.53
2026-08-13 20:00:00,4355.57,4363.38,4353.98,4356.15
2026-08-13 21:00:00,4356.35,4358.54,4343.04,4350.02
2026-08-13 22:00:00,4349.98,4352.34,4346.7,4350.79
2026-08-14 00:00:00,4353.49,4362.55,4351.93,4354.58
2026-08-14 01:00:00,4354.59,4364.15,4349.17,4356.47
2026-08-14 02:00:00,4356.64,4361.91,4328.53,4340.28
2026-08-14 03:00:00,4340.21,4340.81,4311.66,4318.13
2026-08-14 04:00:00,4318.49,4322.83,4310.64,4315.7
2026-08-14 05:00:00,4315.63,4328.27,4313.23,4323.19
2026-08-14 06:00:00,4323.22,4327.92,4322.22,4326.05
2026-08-14 07:00:00,4326.16,4333.35,4311.01,4333.03
2026-08-14 08:00:00,4333.04,4336.69,4327.58,4335.09
2026-08-14 09:00:00,4334.9,4345.31,4329.1,4343.7
2026-08-14 10:00:00,4343.44,4349.79,4341.12,4348.8
2026-08-14 11:00:00,4348.59,4356.75,4345.61,4356.58
2026-08-14 12:00:00,4356.76,4358.48,4347.56,4349.32
2026-08-14 13:00:00,4349.76,4368.89,4348.17,4368.61
2026-08-14 14:00:00,4368.75,4387.0,4366.05,4372.86
2026-08-14 15:00:00,4373.18,4396.9,4369.94,4384.22
2026-08-14 16:00:00,4384.11,4394.5,4378.94,4381.02
2026-08-14 17:00:00,4381.09,4394.7,4378.76,4391.06
2026-08-14 18:00:00,4391.36,4396.54,4379.63,4385.77
2026-08-14 19:00:00,4385.91,4386.48,4375.63,4377.91
2026-08-14 20:00:00,4377.98,4382.79,4370.65,4373.22
2026-08-14 21:00:00,4373.2,4379.87,4371.87,4376.22
2026-08-14 22:00:00,4376.08,4376.48,4371.12,4372.45
2026-08-17 00:00:00,4378.01,4386.54,4371.55,4385.62
2026-08-17 01:00:00,4385.57,4386.35,4366.7,4370.39
2026-08-17 02:00:00,4370.58,4402.21,4367.06,4400.69
2026-08-17 03:00:00,4400.83,4416.55,4391.69,4395.7
2026-08-17 04:00:00,4395.54,4398.41,4387.9,4393.15
2026-08-17 05:00:00,4393.16,4397.69,4387.94,4396.37
2026-08-17 06:00:00,4396.35,4399.4,4388.26,4390.82
2026-08-17 07:00:00,4390.75,4401.17,4386.54,4394.83
2026-08-17 08:00:00,4394.82,4398.16,4394.7,4396.07
