Data,Strumento,Fase,Profitto_EUR,DealID
2026-08-19 21:29:01,US 500 Cash,Stop Generale (Kill Switch),-1.20,LOCAL
2026-08-19 21:35:02,US 500 Cash,Stop Generale (Kill Switch),-4.60,LOCAL
2026-08-20 05:30:11,Spot Gold,Stop Loss MICRO / FLIP (Fase 1),40.64,LOCAL
2026-08-20 08:30:54,US 500 Cash,Chiusura Assicurazione (Pre-Ticket),37.14,LOCAL
2026-08-20 12:00:44,Spot Gold,Chiusura Assicurazione (Pre-Ticket),39.32,LOCAL
2026-08-20 12:01:15,US 500 Cash,Stop Loss TICKET1 (Fase 2),-40.00,LOCAL
2026-08-20 12:36:32,US 500 Cash,Stop Loss TICKET2,-43.52,LOCAL
2026-08-20 13:35:54,Spot Gold,Ping-Pong TICKET1 (Fase 2),40.00,LOCAL
2026-08-20 14:46:43,Spot Gold,Stop Loss TICKET1 (Fase 2),-40.00,LOCAL
2026-08-20 15:01:32,Spot Gold,Stop Loss TICKET2,-39.48,LOCAL
2026-08-20 15:01:50,US 500 Cash,Falso Innesco SAT1 (Rientro),-28.40,LOCAL
2026-08-20 18:51:45,Spot Gold,Stop Loss OVERLOSS,-20.00,LOCAL
2026-08-21 06:35:43,Spot Gold,TP Core [BUY] (Avvio Fase 3),116.44,LOCAL
2026-08-21 06:35:57,Spot Gold,Entrata FASE 3 (Monetizzazione vecchie Core),120.64,LOCAL
2026-08-21 07:24:13,US 500 Cash,Take Profit OVERGAIN,40.00,LOCAL
2026-08-21 12:39:57,Spot Gold,Take Profit ULTIMA,40.00,LOCAL
2026-08-21 13:54:21,US 500 Cash,Stop Loss OVERLOSS,-20.00,LOCAL
2026-08-21 17:25:10,Spot Gold,Taglio Core 35% (Fase 3),-199.22,LOCAL
2026-08-21 18:55:00,Spot Gold,Stop Generale (Kill Switch),-15.86,LOCAL
2026-08-24 00:07:34,US 500 Cash,Stop Generale (Kill Switch),-99.82,LOCAL
2026-08-24 00:27:03,USD/CAD,Stop Generale (Kill Switch),-5.21,LOCAL
2026-08-24 08:13:20,CAD/JPY,Chiusura Assicurazione (Pre-Ticket),26.35,LOCAL
2026-08-24 10:25:45,GBP/USD,Chiusura Assicurazione (Pre-Ticket),31.73,LOCAL
2026-08-24 14:17:22,CAD/JPY,Stop Loss TICKET1 (Fase 2),-32.34,LOCAL
2026-08-24 14:42:03,GBP/USD,Ping-Pong TICKET1 (Fase 2),34.27,LOCAL
2026-08-24 15:15:13,CAD/JPY,Take Profit TICKET2,32.31,LOCAL
2026-08-24 19:55:19,AUD/NZD,Take Profit MICRO (Fase 1),30.64,LOCAL
2026-08-24 20:09:12,GBP/USD,Ping-Pong TICKET1 (Fase 2),34.31,LOCAL
2026-08-24 23:53:50,AUD/NZD,Chiusura Assicurazione (Pre-Ticket),5.72,LOCAL
2026-08-25 00:02:07,EUR/GBP,Chiusura Assicurazione (Pre-Ticket),3.97,LOCAL
2026-08-25 02:37:01,AUD/NZD,Ping-Pong TICKET1 (Fase 2),30.67,LOCAL
2026-08-25 04:52:21,CAD/JPY,Take Profit TICKET2,32.29,LOCAL
2026-08-25 15:19:21,GBP/USD,Ping-Pong TICKET1 (Fase 2),34.27,LOCAL
2026-08-25 16:25:01,EUR/GBP,Ping-Pong TICKET1 (Fase 2),35.05,LOCAL
2026-08-25 20:10:16,AUD/NZD,Ping-Pong TICKET1 (Fase 2),30.70,LOCAL
2026-08-25 22:57:54,AUD/CAD,Stop Loss MICRO / FLIP (Fase 1),18.94,LOCAL
2026-08-25 23:38:12,AUD/NZD,Stop Loss TICKET1 (Fase 2),-30.73,LOCAL
2026-08-26 02:19:53,AUD/NZD,Take Profit TICKET2,30.72,LOCAL
2026-08-26 03:39:40,AUD/CAD,Chiusura Assicurazione (Pre-Ticket),11.14,LOCAL
2026-08-26 03:48:28,AUD/CAD,Stop Loss TICKET1 (Fase 2),-27.85,LOCAL
2026-08-26 05:33:14,AUD/CAD,Stop Loss TICKET2,-34.70,LOCAL
2026-08-26 11:07:28,GBP/USD,Ping-Pong TICKET1 (Fase 2),34.28,LOCAL
2026-08-26 11:17:20,CAD/JPY,Stop Loss TICKET2,-33.80,LOCAL
2026-08-26 15:02:03,GBP/USD,Stop Loss TICKET1 (Fase 2),-34.32,LOCAL
2026-08-26 16:25:55,GBP/USD,Stop Loss TICKET2,-36.58,LOCAL
2026-08-26 17:21:40,EUR/GBP,Stop Loss TICKET1 (Fase 2),-34.99,LOCAL
2026-08-26 23:16:30,AUD/CAD,Stop Loss OVERLOSS,-13.92,LOCAL
2026-08-27 15:15:27,CAD/JPY,Falso Innesco SAT1 (Rientro),-19.38,LOCAL
2026-08-28 00:11:13,AUD/NZD,Take Profit TICKET2,30.63,LOCAL
2026-08-28 16:56:45,EUR/GBP,Take Profit TICKET2,35.05,LOCAL
2026-08-28 22:18:51,AUD/CAD,Stop Generale (Kill Switch),-49.91,LOCAL
2026-08-28 22:22:41,GBP/USD,Chiusura Pre-Weekend,-7.94,LOCAL
2026-08-31 00:14:21,CAD/JPY,Stop Generale (Kill Switch),-68.26,LOCAL
2026-08-31 00:14:32,EUR/GBP,Stop Generale (Kill Switch),-70.10,LOCAL
2026-08-31 00:14:49,AUD/NZD,Chiusura Manuale / Reset,-61.25,LOCAL
2026-08-31 00:14:57,GBP/USD,Chiusura Manuale / Reset,-68.38,LOCAL
2026-08-31 03:18:11,AUD/NZD,Chiusura Assicurazione (Pre-Ticket),33.22,LOCAL
2026-08-31 04:25:20,USD/JPY,Stop Loss MICRO / FLIP (Fase 1),30.62,LOCAL
2026-08-31 04:45:01,AUD/NZD,Ping-Pong TICKET1 (Fase 2),40.82,LOCAL
2026-08-31 09:25:05,USD/JPY,Chiusura Assicurazione (Pre-Ticket),31.94,LOCAL
2026-08-31 10:01:20,GBP/USD,Chiusura Assicurazione (Pre-Ticket),32.23,LOCAL
2026-08-31 11:40:07,USD/JPY,Ping-Pong TICKET1 (Fase 2),32.39,LOCAL
2026-08-31 14:49:26,CAD/JPY,Take Profit MICRO (Fase 1),32.38,LOCAL
2026-08-31 16:21:07,USD/CAD,Stop Loss MICRO / FLIP (Fase 1),34.12,LOCAL
2026-08-31 20:48:55,CAD/JPY,Chiusura Assicurazione (Pre-Ticket),24.57,LOCAL
2026-09-01 02:04:55,USD/CAD,Chiusura Assicurazione (Pre-Ticket),31.33,LOCAL
2026-09-01 05:59:33,USD/CAD,Ping-Pong TICKET1 (Fase 2),37.28,LOCAL
2026-09-01 08:30:48,USD/JPY,Stop Loss TICKET1 (Fase 2),-32.33,LOCAL
2026-09-01 10:33:22,AUD/CAD,Stop Loss MICRO / FLIP (Fase 1),29.85,LOCAL
2026-09-01 13:18:18,USD/JPY,Stop Loss TICKET2,-32.64,LOCAL
2026-09-01 14:08:39,USD/CAD,Stop Loss TICKET1 (Fase 2),-37.28,LOCAL
2026-09-01 16:44:02,USD/CHF,Chiusura Assicurazione (Pre-Ticket),36.56,LOCAL
2026-09-01 17:16:46,USD/CAD,Stop Loss TICKET2,-39.26,LOCAL
2026-09-01 20:39:31,EUR/GBP,Chiusura Assicurazione (Pre-Ticket),42.20,LOCAL
2026-09-02 03:36:54,USD/CHF,Stop Loss TICKET1 (Fase 2),-42.50,LOCAL
2026-09-02 03:37:01,USD/CHF,Stop Loss TICKET2,125.34,LOCAL
